Namn,I Blåvitt,Matcher,Mål,Allsvenska Matcher,Allsvenska Mål
ANDERSSON Arthur,"1904, 1906-1907, 1910",3,0,0,0
ANDERSSON Einar,"1904-1905, 1907",8,0,0,0
ANDERSSON Nils,1904-1911,73,0,0,0
EKMAN Carl,"1904-1906, 1909",9,2,0,0
FAGRELL Arvid,1904-1914,103,65,0,0
FRANZÉN Folke,1904,Okänt,0,0,0
HELGESSON Anders,1904-1905,7,0,0,0
JANSSON Verner,1904-1910,41,6,0,0
JOHANSSON Herbert,1904-1905,1,0,0,0
JOHANSSON Verner,1904-1909,24,0,0,0
JONSSON Ernst,1904-1906,1,0,0,0
KANTEROWITZ Meyer,1904-1906,1,0,0,0
OLSSON Enoch,1904-1905,7,0,0,0
SÄWSTRÖM John,1904-1906,7,0,0,0
THORSTENSON Odd,1904,Okänt,0,0,0
WARBERG Karl-Fredrik,1904-1908,14,0,0,0
DAVIDSSON Emil,1905,6,0,0,0
ANDERSSON Karl,1906,1,0,0,0
DAHLSTRÖM Erik,1906-1907,1,0,0,0
HELLBERG Harry,1906-1913,98,33,0,0
HOLMGREN Knut,"1906, 1908-1915",128,4,0,0
KARLFELDT Fredrik,1906,1,0,0,0
LIDÉN Valter,1906-1910,35,2,0,0
RASMUSSON Ernst,1906,8,0,0,0
RUTGERSSON Oskar,1906-1907,6,0,0,0
RYLANDER Anders,1906,1,0,0,0
ANDERSSON Lindoff,1907-1909,26,2,0,0
BERNTSSON Algot,1907,1,0,0,0
BÖRJESSON Erik,"1907-1911, 1911-1920",220,291,0,0
ERICKSON Ove,1907-1908,5,0,0,0
LUND Erik,1907-1910,27,8,0,0
OLAUSSON John,"1907-1911, 1912-1914",87,17,0,0
PERSSON Bror,1907,5,0,0,0
RUNDBERG Bror,1907-1908,4,1,0,0
TÖRNQVIST Konrad,1907-1923/24,378,48,0,0
BERGELIN Harry,1908-1909,7,0,0,0
BERGSTRÖM Henrik,1908,4,0,0,0
FAGRELL Sven,"1908-1909, 1911",5,0,0,0
LINDBERG Knut,1908,2,0,0,0
LINDE Carl,"1908-1910, 1912",10,0,0,0
SVENSSON Henning,1908-1924/25,367,3,15,1
TELL Olof,1908-1909,17,2,0,0
THYBERG Erik,1908-1909,1,0,0,0
ANDERSSON Clas,1909,1,0,0,0
EDENHOLM Franklin,1909-1910,16,1,0,0
KENNEDY J.,1909,1,0,0,0
KÄRRBY Gunnar,1909-1911,33,0,0,0
LUND Harald,1909-1911,3,2,0,0
PETERSON Vilgot,1909-1910,4,1,0,0
WALLIN Bror,1909,1,0,0,0
ALSTAM Erik,1910,3,0,0,0
ANDERSSON Teodor,1910-1914,60,1,0,0
ARCADIUS Gunnar,1910,10,9,0,0
ASPENGREN Vilgot,1910,1,0,0,0
HOLMÉN Nils,1910,1,0,0,0
HÅKANSSON Nils,1910,2,0,0,0
KARLSSON Georg,"1910-1912, 1914-1919, 1921",39,21,0,0
LUNDIN Artur,1910-1917,141,36,0,0
MAGNUSSON Gustaf,"1910-1916, 1918",138,3,0,0
OLSSON Karl,"1910-1921, 1923/24",220,51,0,0
OLSSON Olof,1910-1911,11,0,0,0
SANDBERG Gustaf,1910,3,0,0,0
SÖDERBERG Oskar,1910-1912,3,0,0,0
ALMÉN Henry,"1911-1912, 1914-1919",102,1,0,0
ANDERSSON David,1911,1,1,0,0
BERGSTRÖM Erik,1911,1,1,0,0
FRISE Per,"1911, 1913",12,0,0,0
KARLSSON-NOTTORP John,1911-1920,149,0,0,0
LARSSON Rudolf,1911,1,0,0,0
LILJENBERG Erik,1911,10,0,0,0
LJUNGQUIST Oswald,1911,6,0,0,0
MELLIN Arvid,"1911-1912, 1914",14,8,0,0
NORDFELDT A.,1911,1,0,0,0
ROSELL Herbert,"1911, 1914-1917",15,0,0,0
SÖDERQVIST Algot,1911,7,6,0,0
VINGNER Erik,1911,1,0,0,0
LUND Valdus,1912-1927/28,342,4,46,0
MALM Otto,1912,1,0,0,0
MELLBERG Sigfried,"1912, 1914, 1920",3,1,0,0
SVENSSON,1912,Okänt,0,0,0
APPELGREN Joel,1913-1914,3,2,0,0
CARLSSON John,1913,5,0,0,0
FRIBERG Sven,"1913-1914, 1917",4,0,0,0
HJELM Erik,1913-1928/29,448,229,100,31
HOLMDAHL Ivan,"1913, 1916",5,0,0,0
SCHYLANDER Caleb,"1913-1918, 1923/24",138,81,0,0
BORSSÉN Rolf,"1914-1919, 1921-1922",76,5,0,0
EISERMAN Erik,1914-1921,105,7,0,0
JOHANSSON Karl,"1914, 1916-1922",79,1,0,0
RYLANDER Sven,1914-1920,65,0,0,0
STÅHLFORS Torsten,1914,2,0,0,0
UHLÉN Eric,1914-1919,15,1,0,0
BRINK Bror,1915,1,0,0,0
PETERSSON Theodor,1915-1916,1,0,0,0
ABRAHAMSSON Harvid,"1916, 1920",2,0,0,0
JOHANSSON Elam,"1916, 1918-1921",17,2,0,0
JOHANSSON Sven,1916-1926/27,192,32,24,3
KROOK Douglas,"1916, 1922, 1924/25, 1929/30",5,0,0,0
NILSSON Bror,1916,5,2,0,0
ANDERSSON Erik,"1917, 1919-1930/31",284,13,125,1
ERICSSON Kurt,1917,Okänt,0,0,0
KARLSSON Herbert,1917-1922,140,149,0,0
RYDBERG Sigurd,1917,1,0,0,0
SANDBERG Mauritz,1917-1923/24,113,12,0,0
STOLT Olof,1917,2,0,0,0
CARLSSON Erik,1918,3,0,0,0
MAGNUSSON Harry,1918,1,0,0,0
ANDERSSON Karl,1919-1923/24,83,20,0,0
LEVIN Erik,1919-1923/24,61,6,0,0
LINDBERG Erik,1919-1921,10,2,0,0
ROSSI Raimondo,1919,3,0,0,0
CARLSSON Bror,1920,1,1,0,0
GILLÅS Gillis,1920-1924/25,65,2,5,0
HANSSON Viktor,1920-1921,10,0,0,0
HERMANSSON Gustaf,1920-1921,17,8,0,0
HOLMBERG Gunnar,"1920-1921, 1927/28",4,0,0,0
LARSSON Torvald,1920-1921,2,0,0,0
OLSSON Harry,1920-1923/24,29,1,0,0
SVENSSON Torsten,"1920, 1929/30",12,1,6,0
WENZEL Gunnar,1920-1923/24,120,5,0,0
BRANTING Harry,1921-1922,12,5,0,0
HEINEFELDT Gösta,1921,1,0,0,0
JOHANSSON Baldwin,"1921-1922, 1924/25-1926/27",83,23,42,9
RYDBERG Gunnar,1921-1935/36,463,317,243,144
SANDSTRÖM Herbert,1921-1927/28,91,31,16,2
SKOGLUND Vallentin,1921-1922,17,0,0,0
ANDERSSON Stellan,1922-1923/24,13,5,0,0
FRIBERG Harry,"1922, 1928/29, 1930/31",3,0,0,0
HJELM Alf,1922-1923/24,10,5,0,0
HJELM Harry,1922-1923/24,5,0,0,0
JOHANSSON Charles,1922,2,0,0,0
JOHANSSON Gunnar,1922-1924/25,22,14,2,2
LJUNGGREN Nils,1922,1,0,0,0
LUNDGREN Herbert,"1922, 1925/26-1926/27, 1929/30, 1931/32",8,0,0,0
RYDBERG Olof,1922-1923/24,8,0,0,0
ANDERSSON John,1923/24,1,0,0,0
ANDERSSON Verner,1923/24-1929/30,135,14,84,1
AUGUSTSSON Torsten,1923/24,1,0,0,0
FREDRIKSSON Georg,1923/24,2,0,0,0
HANSSON Åke,1923/24-1929/30,177,7,106,5
JOHANSSON Henry,1923/24,2,0,0,0
JOHANSSON Ragnar,1923/24,2,0,0,0
JOHANSSON Torsten,1923/24,1,0,0,0
KLINGSTRÖM Ivar,1923/24,1,0,0,0
KOLLBERG Gunnar,1923/24,3,0,0,0
KRISTIANSSON Albert,1923/24,1,0,0,0
LOVÉN G.,1923/24,2,0,0,0
NÖJD Elof,1923/24,6,1,3,0
RYDBERG Anders,1923/24-1938/39,464,0,291,0
STÅHLFORS Helge,1923/24-1924/25,2,0,0,0
SUNDVALL Verner,1923/24,2,0,0,0
ALFREDSSON Axel,1924/25,4,0,0,0
ANDERSSON Helge,1924/25,2,0,2,0
BENGTSSON Algot,1924/25-1931/32,234,3,148,1
CARLSSON Algot,1924/25,1,0,1,0
HOLMBERG Karl-Erik,"1924/25, 1929/30, 1931/32",3,2,0,0
JOHANSSON Filip,1924/25-1932/33,277,329,180,179
KOCK Rudolf,1924/25,4,0,0,0
LARSSON Otto,1924/25,1,0,0,0
LUNDQVIST Evert,1924/25,1,0,0,0
WENZEL Rune,1924/25,1,0,0,0
ÖSTLUND Ernst,1924/25-1931/32,220,43,134,28
HAAK Einar,1925/26,20,3,11,1
HELLSTRÖM John,1925/26,2,0,2,0
HJÄRN Olof,1925/26,1,0,0,0
LARSSON Gustaf,1925/26,5,0,0,0
MATTIASSON Allan,"1925/26-1926/27, 1933/34",14,13,10,8
RYDELL Sven,"1925/26, 1932/33",2,4,0,0
SVENSSON Ragnar,1925/26,9,0,6,0
WESTLUND Gustav,1925/26,5,0,0,0
ANDERSSON Ivar,1926/27,1,0,0,0
BERNDTSSON Elis,1926/27,10,0,8,0
GUSTAFSSON Gustaf,"1926/27, 1931/32",2,0,0,0
HYSÉN Erik,"1926/27-1931/32, 1933/34-1937/38",184,48,120,23
JANSSON Henry,1926/27,5,1,4,1
JANSSON Hilding,1926/27,1,0,0,0
ROSÉN Folke,1926/27,2,2,1,0
SAMUELSSON Herbert,1926/27-1931/32,176,1,122,1
THORIN Karl,1926/27,8,0,4,0
ZACHAROFF Gunnar,1926/27,5,0,0,0
ABRAHAMSSON Henok,1927/28-1932/33,16,0,0,0
ANDERSSON Ernst,1927/28-1942/43,468,14,275,3
ANDERSSON John,1927/28-1928/29,9,3,4,0
BERGMAN Evert,1927/28,3,2,1,0
JOHANSSON Bertil,1927/28-1928/29,14,3,7,2
PETERSSON Frank,"1927/28, 1929/30-1930/31, 1932/33",13,6,2,1
SKÖLD Folke,1927/28,1,0,0,0
BERGSTRÖM Algot,1928/29-1931/32,76,34,44,14
ERIKSSON Elis,"1928/29-1929/30, 1931/32-1932/33",11,8,3,3
HÖIJER Gotthard,1928/29-1929/30,11,5,5,0
ÅKERVALL Mauritz,1928/29-1932/33,21,0,7,0
ALMBORG Henry,1929/30,1,0,0,0
ANDERSSON Gösta,1929/30-1935/36,188,89,117,46
HEDELIN Yngve,1929/30-1930/31,8,0,1,0
JANSSON Arne,1929/30,2,1,0,0
JOHANSSON Olof,"1929/30-1930/31, 1932/33-1936/37",49,3,26,1
KÄLLBERG Sven,1929/30,1,0,0,0
LARSSON Torild,1929/30-1933/34,117,0,70,0
LILJEBJÖRN Helge,"1929/30, 1933/34",2,0,0,0
JANSSON Ragnar,1930/31,1,0,0,0
LARSSON Erik,1930/31-1933/34,10,0,4,0
MATTSSON Bruno,1930/31,1,0,0,0
REIS Gunnar,1930/31-1934/35,128,65,77,30
BERG Fritz,1931/32-1943/44,278,4,169,2
BERGMAN Uno,1931/32-1935/36,27,10,17,3
JONSSON Helge,1931/32-1938/39,118,47,75,31
LÖFGREN Gunnar,1931/32-1938/39,186,19,121,10
OLSÉN Sigfrid,1931/32,4,0,4,0
SVENSSON Urban,1931/32-1933/34,59,0,33,0
WALLIN Viktor,1931/32-1933/34,12,0,3,0
ANTFORS Henry,1932/33,4,3,2,2
BERNDTSSON Harry,1932/33-1933/34,7,8,2,0
BERNDTSSON Harry,1932/33,Okänt,0,0,0
BOHMAN Gösta,1932/33-1934/35,13,11,8,5
CARLSSON Lennart,1932/33,1,1,0,0
GEDDA Henry,1932/33,3,1,1,1
HYSÉN Carl,1932/33-1936/37,106,8,73,4
LINDSTEDT Gustaf,1932/33,10,2,8,2
NYBERG Arne,1932/33-1949/50,469,289,279,111
PERSSON Henry,1932/33,5,6,3,4
SCHÜLER Allan,1932/33,1,0,0,0
AMMERFELT Sixten,1933/34-1934/35,5,3,2,0
ANDERSSON Otto,1933/34,1,0,0,0
BORG Georg,1933/34,1,0,0,0
FORSBERG Gunnar,1933/34-1937/38,64,34,42,19
GRANATH Erik,1933/34,1,0,0,0
HULTÉN Vallentin,1933/34-1942/43,160,1,75,0
HULTFELDT Olof,1933/34-1943/44,263,2,150,1
JOHANSSON Ragnar,1933/34,1,0,0,0
KROOK Svejde,1933/34-1938/39,122,67,76,28
LARSSON Erik,1933/34,1,0,0,0
WALLIN Nils,1933/34,5,0,5,0
ZACHRISSON Harry,1933/34,1,0,0,0
SETTERLUND Harry,1934/35,1,0,0,0
SVENSSON Elis,1934/35,1,0,0,0
WENZEL Nils,"1934/35, 1937/38",3,0,1,0
WENZEL Viktor,1934/35,1,0,0,0
ELIASSON Karl-Erik,1935/36-1940/41,52,20,22,1
ERIKSSON Nils,"1935/36, 1937/38-1948/49",260,0,138,0
HOLMSTRÖM Gösta,1935/36,2,0,0,0
PETTERSSON Roland,"1935/36, 1937/38, 1940/41-1941/42",17,7,8,4
WERNER Gustaf,1935/36-1937/38,23,13,11,7
CHRISTENSSON Rolf,1936/37-1938/39,46,9,21,2
GÖRANSSON Arne,1936/37-1937/38,21,7,13,4
JOHANSSON Folke,1936/37-1946/47,282,27,162,14
JOHANSSON Gustav,1936/37-1940/41,27,0,8,0
LÖFGREN Stig,1936/37-1938/39,27,8,12,3
NÖJD Widrof,1936/37,3,0,3,0
TRANBERG Arne,1936/37-1937/38,26,0,14,0
ANDERSSON John,1937/38-1938/39,10,10,0,0
BERNMAR Anders,1937/38-1938/39,3,0,1,0
LIND Gunnar,1937/38-1938/39,3,2,0,0
MOSSBERG Bengt,1937/38-1941/42,111,31,49,10
ODELL Erik,1937/38,1,0,1,0
ÖQVIST Gunnar,"1937/38, 1939/40-1940/41",7,4,0,0
BENNHOV Holger,1938/39-1949/50,328,215,208,100
BERG Bror,1938/39,1,0,0,0
BERNDTSSON Per-Olof,1938/39-1940/41,6,3,0,0
HALLMAN Åke,1938/39-1941/42,92,23,44,10
HANSÉN Nils,1938/39-1939/40,3,0,0,0
LARSSON Folke,1938/39-1948/49,288,46,157,12
LARSSON Leif,1938/39-1945/46,174,205,95,78
LINDSTRÖM Erik,1938/39,1,1,0,0
OLAUSSON Axel,1938/39-1944/45,168,0,94,0
PERVIK Berth,1938/39-1940/41,15,4,7,1
REGELL Erik,1938/39,2,1,0,0
ÖSTERGREN Åke,1938/39,2,0,0,0
BOMB Hans,1939/40-1940/41,6,0,0,0
CARLSSON Bengt,"1939/40, 1941/42",2,0,0,0
JOHANSSON Rolf,1939/40,3,0,0,0
LINDMAN Einar,1939/40,1,0,0,0
OLSSON Erik,1939/40,1,0,0,0
ROTENBERG Oskar,1939/40-1941/42,6,2,0,0
SANDESJÖ Hans,1939/40,1,0,0,0
WALLMAN Karl-Erik,1939/40-1940/41,3,1,1,0
ANDERSSON Arnold,1940/41-1942/43,15,0,8,0
GREN Gunnar,1940/41-1949/50,253,144,164,78
NORDSTRÖM Thure,1940/41-1941/42,10,2,4,0
SCHULZ Per-Otto,1940/41,2,0,0,0
EMANUELSSON Rune,1941/42-1955/56,397,23,211,7
ERIKSSON Gösta,1941/42-1942/43,9,0,6,0
GLADER Erik,1941/42-1942/43,9,0,4,0
SAMUELSSON Åke,1941/42-1942/43,17,5,9,3
ANDERSSON Evald,1942/43,1,0,0,0
APPELGREN Arne,1942/43,4,1,1,0
BERGQVIST Erik,1942/43-1954/55,355,146,189,42
CLAESSON Rune,1942/43-1946/47,33,0,14,0
GUNNESSON Ingvar,1942/43-1943/44,2,0,0,0
HÖGBERG Oskar,1942/43,1,0,0,0
KRISTIANSSON Åke,1942/43-1945/46,109,60,64,24
LANDGREN Stig,1942/43,2,0,0,0
LINDÉN Åke,"1942/43, 1949/50-1951/52, 1954/55",14,0,2,0
OLSSON Filip,1942/43-1943/44,4,4,0,0
OLSSON Rune,1942/43,1,0,0,0
PERSSON Manne,1942/43-1946/47,28,0,10,0
PETTERSSON Rune,1942/43-1943/44,13,0,5,0
PÅLSSON Ragnvald,1942/43-1948/49,191,2,109,0
SCHMIDT Gösta,1942/43-1949/50,39,3,13,0
ANDERSSON Henry,"1943/44-1956/57, 1959-1962",417,0,245,0
LARSSON Henry,1943/44-1953/54,330,13,158,5
SWERIN Gösta,1943/44,5,0,1,0
ALDEBRINK Villy,"1944/45-1948/49, 1950/51-1951/52",63,47,33,16
ANDERSSON Göte,1944/45,3,0,0,0
BRUFELT Allan,1944/45-1948/49,86,22,44,6
FALKENSTRÖM Lennart,1944/45-1946/47,7,0,0,0
GUSTAFSSON Ove,1944/45,2,0,0,0
HAGBERG Harry,1944/45,1,1,0,0
HANSSON Gustaf,1944/45-1946/47,7,4,2,0
JOHANSSON Rune,"1944/45, 1946/47",3,0,0,0
OLSSON Arthur,1944/45,1,1,0,0
THUNBERG Carl-Olof,1944/45-1945/46,2,0,0,0
AGERNÄS Bror,1945/46-1946/47,4,1,0,0
SAMUELSSON Morgan,"1945/46-1946/47, 1949/50",25,4,12,1
APPELGREN Sven,"1946/47-1953/54, 1955/56-1956/57",147,7,57,2
BJÖRKMAN Leif,1946/47-1951/52,93,0,45,0
GRAHN Evert,1946/47-1948/49,47,30,28,12
HANSSON Holger,1946/47-1961,436,23,236,10
PETTERSSON Roland,1946/47,1,0,0,0
ANDERSSON Gunnar,"1947/48, 1949/50",11,17,2,0
ANDERSSON Sven,1947/48-1954/55,70,0,12,0
ANDERSSON Tage,1947/48-1948/49,4,0,0,0
GREN Bertil,1947/48,1,0,1,0
GRÖNVALL Helge,1947/48-1951/52,24,4,8,0
JOHANSSON Lennart,1947/48-1949/50,42,22,23,13
LINDAHL Gunnar,1947/48-1950/51,82,0,42,0
EKNER Dan,1948/49-1949/50,37,26,19,12
FLINK Lennart,1948/49-1950/51,40,0,11,0
LARSSON Rolf,1948/49-1949/50,11,9,6,2
RYLANDER Bertil,1948/49-1951/52,42,33,3,1
SEGERDAHL Stig,1948/49-1951/52,45,9,14,2
SJÖBLOM Sven,1948/49-1955/56,180,102,79,17
BÖRJESSON Reino,1949/50-1952/53,98,53,33,16
EDSTRÖM Sten,1949/50-1951/52,5,1,0,0
ERIKSSON Lars-Erik,1949/50-1950/51,17,4,5,0
FAGERMAN Bert,"1949/50, 1952/53-1953/54",24,8,13,3
GRANQVIST Tryggve,1949/50-1951/52,47,40,8,10
HOLMSTEDT Allan,1949/50-1951/52,24,6,3,1
HÖGBERG Ingemar,1949/50,1,0,0,0
JANGBLAD Lars,1949/50-1953/54,98,84,47,23
JOHANSSON Bengt,1949/50,1,0,0,0
JOHANSSON Roger,1949/50-1955/56,63,5,24,0
JOHANSSON Sven,1949/50-1950/51,6,0,0,0
KÄLLSTRÖM Rolf,1949/50-1951/52,74,11,13,1
LUDVIGSSON Åke,1949/50-1950/51,9,1,1,0
MAGNUSSON Bernt,1949/50,1,0,0,0
THELANDER Eric,1949/50-1952/53,17,0,0,0
ANDERSSON Arne,1950/51,1,0,0,0
ANDREASSON Conny,1950/51,1,0,0,0
BERNDTSSON Bengt,1950/51-1967,599,125,348,69
JOHANSSON Tore,1950/51,2,0,0,0
KARLSSON Gerhard,1950/51,1,0,0,0
KJELLMAN Rune,1950/51-1954/55,75,1,29,0
MATTSSON Lennart,1950/51,1,2,0,0
NILSSON Gunnar,1950/51,2,2,0,0
SVANTESSON Allan,1950/51,12,2,0,0
TÄLL Gerhard,1950/51-1951/52,4,2,0,0
ALMQVIST Rolf,"1951/52-1952/53, 1954/55",37,0,25,0
ANDERSSON Lars,"1951/52, 1954/55-1959",53,0,30,0
ANDERSSON Lennart,1951/52-1952/53,32,12,5,1
EKEROTH Nils,1951/52-1962,259,1,140,1
GÖRANSSON Kurt,1951/52-1954/55,13,1,4,0
HANSSON Kjell,1951/52,6,0,0,0
LUNDVALL Roland,1951/52,4,1,0,0
PETTERSSON Ingemar,1951/52,1,0,0,0
RENNEBY Erik,1951/52-1953/54,16,0,6,0
FÄRNSTRÖM Axel,1952/53-1956/57,103,42,55,12
HANSSON Per-Olof,"1952/53-1959, 1961",209,25,109,9
JANSSON Karl-Gunnar,1952/53-1953/54,5,2,0,0
LUNDQVIST Arne,1952/53-1953/54,8,2,4,0
NILSSON Kurt,1952/53,5,1,0,0
NORÉN Åke,1952/53-1959,254,29,141,18
RUTHBERG Gunnar,1952/53,5,1,1,0
STRÖM Lennart,1952/53-1953/54,2,0,0,0
JONSSON Nils,1953/54-1961,295,7,157,1
LUNDGREN Sten,1953/54-1959,59,38,22,6
LUNDQVIST Ingvar,1953/54-1955/56,24,7,9,1
LÖFVENDAHL Bert,"1953/54, 1959",2,0,0,0
NERTBY Herbert,1953/54-1954/55,3,0,0,0
THELIN Ove,1953/54-1954/55,23,8,9,2
BRUNBÄCK Hans,1954/55-1955/56,4,0,2,0
DÖNELL Rolf,1954/55,6,2,1,0
HENRIKSSON Lars,1954/55-1956/57,50,0,27,0
JOHANSSON Bertil,1954/55-1968,461,291,268,162
JOHANSSON Eje,1954/55-1955/56,2,0,0,0
JOHANSSON Ronald,1954/55-1959,101,0,44,0
MATTIASSON Harris,1954/55-1957/58,85,67,43,19
NILSSON Lennart,1954/55-1965,333,0,165,0
SVENSSON Sami,1954/55,4,0,2,0
ANDERSSON Lennart,1955/56-1962,103,20,45,9
ATTEMALM Bernt,1955/56-1960,54,21,23,7
JOHANSSON Allan,1955/56-1960,71,3,27,0
JOHANSSON Nils,1955/56-1967,410,68,218,20
JOHANSSON Rolf,1955/56-1956/57,6,5,3,1
OHLSSON Owe,1955/56-1964,297,243,165,101
ANDERSSON Roger,"1956/57, 1959",2,1,0,0
ERIKSSON Rolf,1956/57-1957/58,3,0,0,0
JOHANNISSON Leif,1956/57,1,0,0,0
LINDBLOM Donald,1956/57-1957/58,6,0,0,0
NYBERG Ralph,"1956/57-1959, 1963-1966",91,14,41,6
PERSSON Sven,1956/57,1,0,0,0
PETTERSSON Bengt,1956/57-1959,6,3,0,0
HELMÉR Ove,1957/58-1960,24,11,7,0
JOHANSSON Göran,1957/58,1,0,0,0
KJELLBERG Kurt,1957/58-1959,6,3,1,0
SMITH Einar,1957/58,2,0,0,0
WENDT Leif,1957/58,1,0,0,0
ALEXANDERSSON Ruben,1959,1,0,0,0
ANDERSSON Rolf,"1959, 1961-1962",5,0,0,0
BENGTSSON Åke,1959-1962,30,1,5,0
CARLSTEDT Jan,1959-1960,19,4,9,2
DAHLBERG Lennart,"1959-1963, 1967-1968",124,0,61,0
RYBERG Sture,1959,1,0,0,0
SVENSSON Göte,1959,2,0,0,0
WIKSTRÖM Bengt,1959,3,0,0,0
BERG Kent,1960,1,0,0,0
DANIELSSON Lennart,1960,1,0,0,0
DUBAR Tord,1960,1,0,0,0
GUSTAVSSON Åke,1960-1963,91,1,46,0
HULTIN Bertil,1960-1961,5,4,0,0
KNUTSSON Arne,1960-1962,48,15,16,2
LINDBERG Gunro,1960-1967,259,0,135,0
PETTERSSON Ronald,1960-1961,26,20,13,4
SVENSSON Ingvar,1960-1968,266,72,147,27
ÖBERG Ralph,"1960, 1967",2,1,0,0
BJÖRKLUND Bill,1961,13,2,0,0
BÖRJESSON Åke,1961,12,9,0,0
DANIELSSON Sven,"1961-1962, 1964",8,1,2,0
EKLÖF Rolf,1961-1963,84,63,42,18
GUSTAFSSON Stig,1961,8,0,0,0
JOHANSSON Roy,1961-1963,16,0,12,0
KARLSSON Kenny,1961-1965,59,0,23,0
LEJON Kent,1961,1,0,0,0
LIND Rune,1961,8,0,0,0
MARTINSSON Örjan,1961,11,16,0,0
OLSSON Styrbjörn,1961-1963,4,2,0,0
PERSSON Gösta,1961,12,3,0,0
ANDERSSON Dick,1962-1965,54,11,18,2
BRODD Yngve,1962-1965,78,22,46,11
JANSSON Per-Åke,1962-1963,18,2,4,0
JOHANSSON Paul,1962-1967,150,4,80,2
MELLBIN Kent,1962,1,0,0,0
OHLSSON Bertil,1962,2,1,0,0
PERSSON Leif,1962,1,2,0,0
PETERSSON Jan-Erik,1962,2,0,0,0
WERNER Lars,1962,4,0,0,0
ÖSTGREN Rolf,1962,4,2,2,0
ALBINSSON Leif,1963,1,0,0,0
BERGSTRÖM Ralph,1963-1967,18,3,2,0
HAFSTRAND Jan,1963-1966,12,0,5,0
NICKLASSON Göran,1963-1972,266,73,120,28
SANDBERG Roland,1963-1964,16,2,4,0
SVENSSON Leif,1963,3,0,0,0
SVENSSON Mats,1963-1964,23,3,10,0
WALLIN Lennart,"1963-1969, 1974",206,32,120,18
ÅBERG Jan,1963-1964,4,0,0,0
BENGTSSON Sture,1964,2,0,0,0
ERIKSSON Björn,1964-1976,442,82,129,20
ERIKSSON Per-Erik,"1964-1968, 1973-1975",138,81,31,9
GRANBOM Krister,1964-1966,62,32,27,9
KESSANDER Keit,1964-1965,4,0,0,0
NYSTRÖM Kenneth,1964,1,0,0,0
PETERSSON Rolf,1964-1970,92,0,38,0
SJÖBERG Kjell,1964,1,0,0,0
SJÖSTRÖM Jan,1964-1968,33,13,9,1
WENDT Leif,1964,3,2,0,0
CARLSSON Jan,1965,1,1,0,0
CLAESSON Leif,1965-1967,41,28,21,14
FELDT Reine,1965-1975,351,5,107,1
FERM Gunnar,1965,2,0,0,0
GRUNDÉN Sune,1965,1,0,0,0
JOHANSSON Jan-Olof,1965,2,0,0,0
LEISGÅRD Kjell-Åke,1965-1972,241,20,101,3
SVENSSON Harry,1965-1971,194,37,83,15
AHLBERG Lars-Erik,1966,1,0,0,0
AHLBERG Lars-Gunnar,1966-1967,7,2,0,0
BERGLUND Olof,1966,1,0,0,0
EKLUND Håkan,1966-1970,174,89,98,32
LARSSON Bengt,1966,1,0,0,0
LARSSON Karl-Henrik,1966-1969,30,7,9,2
MOLIN Elving,1966,15,1,3,0
QVIST Jan,1966,1,0,0,0
ÅGREN Thomas,1966,1,0,0,0
ALMQVIST Reine,"1967-1972, 1976-1980",298,145,110,54
ARVELIN Lars-Erik,1967-1970,88,1,42,0
BERTILSSON Bengt,1967-1971,89,0,32,0
FERNELL Lars,1967-1968,2,1,0,0
NIKLASSON Donald,1967-1978,335,25,63,1
ENGSTRÖM Ove,"1968, 1970-1971",69,3,15,1
JAGLER Bo,1968-1969,36,1,17,1
LIND Eive,1968-1969,2,0,0,0
NILSSON Stellan,1968-1972,82,7,10,0
OSKARSSON Börje,1968-1972,131,33,41,7
SVÄRD Ulf,1968-1969,3,1,0,0
ALGEBÄCK Gunde,1969-1972,4,1,0,0
FALK Stig,1969-1971,7,0,0,0
NILSSON Lars-Erik,1969-1970,4,2,1,0
JOHANNESSON Bengt,"1970, 1972",3,0,0,0
LAGER Kjell,1970,2,0,2,0
LUNDBERG Claes-Enar,1970-1971,17,0,0,0
NORDSTRÖM Jan,"1970-1971, 1974-1978",192,3,35,0
PROFOZIC Toni,1970-1971,5,1,0,0
ÖSTLUND Dan,1970-1974,131,49,5,1
ANDRÉN Kenny,1971,6,0,0,0
BLOMQVIST Rolf,1971-1975,104,0,0,0
EKMAN Björn,1971,1,0,0,0
HELLSTRÖM Torbjörn,1971,1,0,0,0
HÄGGLUND Per,1971,2,0,0,0
KARLSSON Arne,1971,21,4,0,0
OLAUSSON Reine,1971-1980,386,25,90,1
OLOFSSON Mats,1971-1972,9,0,0,0
SANDGREN Lars,1971,9,0,0,0
SVENSSON Jan-Åke,1971-1973,34,4,0,0
AUGUSTSSON Kenth,1972-1973,48,7,0,0
BENDER Jan,1972,1,0,0,0
BERGENDAHL Hans,1972,1,0,0,0
BLOM Ralf,1972-1975,92,8,0,0
DANIELSSON Sten,"1972, 1974-1975",60,10,0,0
JARKVIST Björn,1972-1974,50,3,0,0
JOHANNESSON Lars,1972,1,0,0,0
JOHANSSON Torgny,1972-1976,55,10,0,0
KARLSSON Leif,1972,1,0,0,0
LARSSON Lars,1972-1974,6,0,0,0
MOLÉN Johnny,1972-1973,50,15,0,0
WIKLANDER Tonie,1972,3,0,0,0
ÖSTERMAN Esbjörn,1972-1973,32,6,0,0
ANDERSSON Anders,1973,1,0,0,0
ANDERSSON Georg,1973-1975,21,3,0,0
ANDERSSON Leif,1973-1974,44,7,0,0
ANDERSSON Stefan,1973-1975,64,10,0,0
FLOBRANT Douglas,1973,7,0,0,0
FORSBERG Bertil,1973,2,1,0,0
JACOBSSON Sven,1973,1,0,0,0
JOHANSSON Ove,1973,1,0,0,0
KAHNBERG Håkan,1973,1,0,0,0
KRISTENSEN Bengt,1973-1976,36,1,0,0
LANDGREN Anders,"1973-1974, 1976",3,1,0,0
LARSSON Sven,1973-1974,33,6,0,0
LINDSTRÖM Eje,1973-1975,35,10,0,0
MYRANDER Anders,1973-1974,3,0,0,0
NILSSON Erik,1973-1979,173,32,17,2
OLSSON Bengt,1973,1,0,0,0
STENSSON Börje,1973-1974,5,0,0,0
SUNDH Kjell,1973-1974,48,4,0,0
WÄTTRING Stefan,1973-1974,2,0,0,0
ANDERSSON Bo,1974-1977,81,0,13,0
ANDERSSON Kent,1974,1,0,0,0
CANEFUR Sören,1974,1,0,0,0
CARLSSON Jerry,1974-1987,536,75,179,14
KARLSSON Lars,1974-1977,15,0,0,0
KARLSSON Sten,1974,1,0,0,0
LEKSJÖ Conny,1974-1976,5,0,0,0
LIND Johann,"1974, 1976",3,0,0,0
ANDERSSON Raymond,1975,1,0,0,0
KARLSSON Conny,1975-1982,401,10,143,0
KINDVALL Ove,1975-1978,107,56,21,3
MAGNUSSON Eddy,1975-1977,110,33,7,0
NILSSON Torbjörn,"1975-1976, 1977-1982, 1984-1986",444,329,153,88
NORDQVIST Björn,1975-1978,146,2,47,0
OTTORDAHL Lennart,1975-1979,103,27,17,2
ROSENGREN Peter,1975-1976,7,0,0,0
ALBO Rein,1976-1978,82,1,25,0
CHRISTOFFERSSON Tage,1976-1979,15,0,3,0
GERDTHAM Mats,1976,2,0,0,0
JANSSON Kent,1976,1,0,0,0
JOHANSSON Lars-Inge,1976,7,1,0,0
NILSSON Jan,1976-1978,130,78,38,9
SVÄRDEGÅRD Peter,1976,1,0,0,0
AHLBERG Anders,1977-1980,71,11,30,5
EDSTRÖM Ralf,1977-1979,58,28,37,14
HOLM Glenn,1977-1983,237,60,109,19
HOLMGREN Tommy,1977-1989,512,69,213,19
HOLMGREN Tord,1977-1987,502,52,217,22
NORDIN Olle,1977-1980,138,45,69,12
SCHILLER Glenn,1977-1985,294,30,125,16
CORNELIUSSON Dan,1978-1983,165,107,62,29
HYSÉN Glenn,"1978-1983, 1985-1987",332,26,137,12
KARLSSON Bengt-Åke,"1978, 1980",49,0,24,0
SUNDIN Kenneth,1978,1,0,0,0
SVENSSON Ruben,1978-1986,387,48,174,23
LILJEKRANTZ Jan,1979-1981,13,4,0,0
LINDBERG Odd Ivar,1979,47,0,26,0
STRÖMBERG Glenn,1979-1982,203,33,91,7
TENGBERG Ove,1979,1,0,0,0
TORSTENSSON Roland,1979-1980,3,0,0,0
CANEFUR Benny,1980,1,0,0,0
ELOVSSON Göran,1980,1,1,0,0
FREDRIKSSON Stig,1980-1988,363,44,151,12
HANSSON Thomas,1980-1982,18,0,4,0
HOLMBERG Martin,"1980-1983, 1987",52,4,10,2
JOHNSEN Gisle,1980,1,0,0,0
JÖRNVIK Ulf,1980,1,0,0,0
MÖRK Lars,1980-1981,2,0,0,0
ÓLAFSSON Thorsteinn,1980,49,0,25,0
SANDBERG Håkan,1980-1984,165,88,71,34
TOBIASSON Ove,1980-1987,40,0,5,0
WENDT Joakim,1980-1981,42,5,16,0
WERNERSON Thomas,1981-1989,370,1,153,0
ANDERSSON Peter,1982-1985,44,3,12,0
KARLSSON Thomas,1982-1983,14,2,4,0
LARSSON Stefan,1982,1,0,0,0
NILSSON Jan-Erik,1982-1983,14,1,2,0
NILSSON Per-Olof,1982-1983,6,0,0,0
EKSTRÖM Johnny,"1983-1986, 1991-1993, 1997-1998",250,145,80,30
FOLCKER Fredrik,1983,2,0,0,0
GARDNER Steve,1983-1984,63,31,27,7
KULLBERG Stephan,1983-1986,163,1,63,0
NILSSON Roland,1983-1989,272,17,114,7
PHILLIPS Thomas,1983,1,0,0,0
GREN Mats,1984-1985,97,23,41,9
LARSSON Peter,1984-1987,206,31,86,8
LUNDBLAD Torbjörn,1984-1985,27,2,7,1
PETTERSSON Stefan,"1984-1988, 1994-1998",344,114,150,52
SCHILLER Dennis,1984-1987,45,1,6,0
BJUR Sam,1985-1986,11,6,3,1
CARLGREN Ulf,1985,8,2,0,0
JOHANSSON Magnus,1985-1990,233,21,93,9
PRYTZ Robert,1985,17,4,7,2
ANDERSSON Michael,1986-1988,130,31,58,15
CARLSSON Mats-Ola,1986-1988,97,4,40,1
HEDMAN Peter,1986-1987,12,1,0,0
LANSING Thomas,1986,1,0,0,0
MORDT Per Edmund,1986-1993,222,14,72,4
OHTONEN Jukka,1986,1,0,0,0
PALMQUIST Hans,1986,1,0,0,0
RANTANEN Jari,1986-1987,33,11,12,2
FORSBERG Leif,1987-1989,67,11,26,2
FRÖBERG Dan,1987-1988,51,17,14,5
INGESSON Klas,1987-1990,133,36,50,9
MILLQVIST Pär,1987-1988,44,4,7,2
NILSSON Lennart,1987-1990,114,22,52,12
NILSSON Mikael,1987-2001,609,48,284,21
PEWIK Magnus,1987-1989,33,1,5,0
THORSTVEDT Erik,1987-1988,54,0,22,0
ZETTERLUND Lars,1987-1989,134,16,53,7
BÅNG Ulf,1988-1991,95,21,29,5
ERIKSSON Daniel,1988,2,0,0,0
ERIKSSON Peter,"1988-1998, 2002",423,92,156,25
FORTES José,1988,10,1,1,0
LAST Dick,"1988, 1991-1995, 1998-2000",114,0,20,0
MILD Håkan,"1988-1993, 1995-1996, 1998-2001, 2002-2005",459,55,226,25
OLSSON Jonas,"1988-1990, 1992-1998",266,14,113,6
RAVELLI Andreas,1988-1989,91,8,38,1
SVENSSON Ola,1988-1994,272,29,103,12
VERDIN Magnus,1988-1990,29,0,0,0
ANDERSSON Kennet,1989-1991,132,65,59,28
ESKELINEN Kaj,1989-1992,145,64,48,13
HVENFELT Thomas,1989-1995,183,15,32,2
JOHANSSON Gabriel,1989-1991,42,3,8,0
KARLSSON Joacim,1989-1991,27,3,2,0
KÅMARK Pontus,"1989-1995, 2001-2002",330,12,149,4
PEDERSEN Tore,1989-1992,121,2,46,0
RAGNELL Johan,1989,1,0,0,0
RAVELLI Thomas,"1989-1997, 1999",398,0,191,0
STOJCEVSKI Zoran,1989-1993,70,7,6,0
WALLIN Jan,1989-1990,17,0,0,0
JOHANSSON Magnus,"1990-1998, 2003-2007",483,27,211,7
LEKSELL Fredrik,1990-1994,89,23,20,6
LINDQVIST Robert,"1990, 1992",4,0,0,0
MAGNUSSON Dag,1990-1991,7,0,0,0
REHN Stefan,1990-1995,268,69,115,25
BENGTSSON Patrik,1991-1995,98,8,30,3
CABAN Peter,1991,6,0,0,0
LINDQVIST Stefan,"1991-1997, 1999",351,38,161,18
OZANNE Christian,1991,7,0,0,0
ANEGRUND Johan,"1992-1997, 1999",105,4,34,1
BJÖRKLUND Joachim,1992-1995,103,1,47,0
BÖRVE Roberth,1992,3,1,0,0
NORDSTRÖM Marcus,1992,12,0,0,0
ANDERSSON Thomas,1993,6,0,0,0
BLOMQVIST Jesper,1993-1996,136,34,73,18
ERLINGMARK Magnus,1993-2004,517,77,278,43
FLYKT-ROSÉN Johan,1993,1,0,0,0
GALLE Niclas,1993,7,0,0,0
GUSTAFSSON Magnus,1993-1995,63,23,10,3
MAGNUSSON Olof,1993-1998,74,1,18,0
MARTINSSON Mikael,1993-1998,206,59,102,29
WAHLSTEDT Erik,1993-1996,105,24,33,5
ANDERSSON Oscar,1994-1995,2,0,0,0
BRUNBÄCK Andreas,1994,1,0,0,0
BRYNGELSSON Fredrik,1994,5,0,0,0
DAHLQVIST Fredrik,1994-1996,6,0,0,0
HEDÉN Mats,1994-1995,2,0,0,0
JAREFLO Magnus,1994,2,0,0,0
JOHANSSON Per,1994-1996,9,1,0,0
JONSSON Benny,1994,4,0,0,0
LUNDSTRÖM Christian,"1994, 1997",15,2,0,0
ULANDER Martin,"1994-1996, 2005",12,0,4,0
HÅKANSSON Hans,1995,1,0,0,0
JÄRELÖV Sören,1995-1998,50,0,15,0
LANDBERG Stefan,1995-2000,192,12,106,5
LILIENBERG Mats,1995-1996,75,31,29,6
LUCIC Teddy,1995-1998,133,7,58,2
ALEXANDERSSON Niclas,"1996-1997, 2004-2009",298,48,176,32
ANDERSSON Andreas,1996-1997,77,53,39,32
KARLSSON Pär,1996-2000,140,21,64,6
PAULSÉN Jimmy,1996-2003,162,11,80,4
ANDERSSON Patric,"1997-2000, 2002-2004",170,42,96,17
ANDERSSON Robert,1997-1998,41,7,18,3
DAHBO Patrik,1997-1998,3,0,0,0
HENRIKSSON Sebastian,1997-2002,206,45,114,20
HOFFMANN Daniel,1997,2,0,0,0
LUNDSTRÖM Mattias,1997-2001,28,2,1,0
PEHRSSON Magnus,1997-1998,29,5,12,1
PETRAS Alexander,1997-1998,8,0,0,0
SAARINEN Janne,1997-1998,19,2,3,0
STILLER Hannes,"1997, 2009-2013",145,29,104,24
TETTEH Emmanuel,1997-1999,102,35,49,15
ANDERSSON Bengt,1998-2007,402,0,246,0
BÄRLIN Stefan,1998-1999,81,8,40,3
HERMANSSON Andreas,1998-2000,91,30,45,10
HÖGLUND Patrik,1998,1,0,0,0
JOHANSSON Robert,1998-1999,1,0,0,0
KARLSSON Christian,1998-2000,64,1,24,0
PERSSON Joakim,1998-1999,75,9,38,4
WYGLER Magnus,1998-1999,6,0,1,0
ANDERSSON Fredrik,1999-2000,2,0,0,0
HEED Thomas,1999-2001,16,1,0,0
HØILAND Jon Inge,1999-2002,150,5,92,4
LUNDÉN Jonas,1999-2001,97,15,57,7
NEVLAND Erik,1999,12,0,4,0
PEDERSEN Steinar,1999-2001,108,3,53,1
RISP Fredrik,"1999-2005, 2010",197,8,110,4
ANDERSSON Gustaf,2000-2002,105,46,65,25
ANTONSSON Mikael,2000-2004,94,0,52,0
CLAESSON Rickard,2000-2004,19,0,0,0
EL DANA Josef,2000-2001,5,0,0,0
HOLMQVIST Marcus,2000-2003,8,1,3,0
JOHANSSON Sebastian,2000-2005,197,14,106,4
LARSSON Daniel,2000,1,0,0,0
LJUNGHOLM Daniel,2000-2001,6,0,0,0
NICKLASSON Daniel,2000,16,3,4,0
ROSENKVIST Tomas,2000-2004,154,59,93,22
SAMURA Kabba,2000-2002,34,10,16,3
SANDKLEF Mikael,2000-2005,170,15,102,8
ERICSSON Martin,2001-2003,109,17,69,13
TENGWALL Jan,2001-2002,15,1,3,0
VILAHAMN Robert,2001-2003,22,2,9,0
WESTLIN Daniel,2001-2002,28,7,9,0
HENRIKSSON Jonas,2002-2005,131,17,71,6
JONSSON Dennis,2002-2006,108,8,54,5
JÓNSSON Hjálmar,2002-2016,429,14,254,7
RAHMBERG Marino,2002-2004,18,5,7,0
WINGÅRD Axel,2002,6,0,0,0
BLOMQVIST Hans,2003,15,2,9,2
BOO WIKLANDER David,"2003, 2017-2018",55,2,39,1
CROSSA Martín,2003,16,4,10,0
DIALLO Mamadou,2003,17,4,13,3
KOSKINEN Sampo,2003-2004,12,0,1,0
SVENSSON Karl,"2003-2006, 2009-2011",169,14,81,5
THORÉN Fredrik,2003,1,0,0,0
WENDT Oscar,"2003-2006, 2021-2024",207,9,122,5
BAXTER Lee,2004,3,0,0,0
IJEH Peter,2004-2005,69,38,36,13
KWEDI Patrice,2004,4,0,3,0
MOURAD George,2004-2007,128,34,68,14
NILSSON Andreas,2004,11,0,1,0
SMEDBERG DALENCE Martin,"2004-2005, 2014-2017",165,9,86,5
ALVBÅGE John,"2005, 2012-2016",203,0,131,0
ASP Nicklas,2005,1,0,0,0
BERG Jonatan,2005-2008,72,11,26,3
BERG Marcus,"2005-2007, 2021-2023",179,71,118,51
BJÄRSMYR Mattias,"2005-2009, 2012-2017, 2020-2022",464,16,288,12
DE PEDRO Javier,2005,1,0,0,0
GUSTAFSSON Joel,2005,2,0,0,0
JOHANSSON Adam,"2005-2011, 2013-2016",275,4,173,1
KIHLBERG Magnus,2005-2006,39,3,21,2
LYCÉN Tommy,2005,9,1,1,0
ROJAS DIAZ Bastian,"2005, 2007",9,1,0,0
SAGLIK Erkan,2005,2,0,1,0
SELAKOVIC Stefan,2005-2012,328,83,201,41
SVENSSON Gustav,"2005-2010, 2014-2015, 2021-",381,16,256,13
VASQUEZ Andrés,2005-2007,82,6,40,2
WALLERSTEDT Jonas,2005-2008,123,31,74,17
WERNBLOOM Pontus,"2005-2009, 2020-2021",187,55,111,28
WOWOAH Samuel,2005-2006,77,8,40,4
GERBA Ali,2006-2007,23,5,6,0
LAGO Alejandro,2006,14,2,12,2
MAJDANDZIC Vladimir,2006,2,0,0,0
OLSSON Thomas,2006-2011,167,25,99,16
RICHARDSSON Richard,2006,6,0,0,0
ROBINSON Trevor,2006,1,0,0,0
SHAFFER José,2006-2007,10,0,3,0
SSEWANKAMBO Moses,2006,3,0,0,0
BJÖRLUND Petter,2007-2009,7,0,0,0
BÄRKROTH Nicklas,2007-2012,92,8,54,4
DAHLIN Erik,"2007-2012, 2016-2019",84,0,42,0
ERDOGAN Erhan,2007,1,0,0,0
ERIKSSON Sebastian,"2007-2011, 2015-2018, 2019, 2020-2023",368,19,250,13
GUSTAFSSON Oskar,2007,4,0,0,0
HYSÉN Tobias,"2007-2013, 2016-2018",380,141,251,89
JOHANSSON Jakob,"2007-2014, 2020",283,28,181,18
KARIŠIK Eldin,2007-2008,49,1,24,1
NILSSON Robin,2007,1,0,0,0
RANÉGIE Mathias,2007-2008,31,5,14,1
SIGURDSSON Ragnar,2007-2011,202,19,125,12
STENMAN David,2007-2008,5,0,0,0
SVENSSON Jonathan,2007,1,0,0,0
ALEXANDERSSON Daniel,2008-2009,43,3,21,0
CARLSSON Nicklas,2008-2010,42,2,20,0
CHRISTENSEN Kim,2008-2010,105,0,74,0
DYRESTAM Mikael,2008-2013,102,4,67,2
ETÉUS Mathias,2008-2009,9,1,2,0
LUND FAHLÉN Erik,2008-2013,129,3,77,1
MUSTAFA Kamal,2008-2009,9,1,4,0
SELIM Ali,2008,1,0,0,0
SÖDER Robin,"2008-2014, 2018-2021",275,72,186,41
ANDERSSON Mikael,2009,1,0,0,0
ATASHKADEH William,2009-2010,15,5,5,1
BJARNASON Theodor Elmar,2009-2011,94,8,60,4
MARTINSSON Niclas,2009,1,0,0,0
SANA Tobias,"2009-2012, 2019-2022",204,30,129,15
SANDBERG Marcus,"2009-2011, 2012-2015",89,0,43,0
TURUNEN Tuomo,2009-2010,6,0,3,0
ALLANSSON Joel,2010-2014,104,4,61,2
ANDERSEN Niklas,2010,5,0,1,0
AZULAY Jonathan,2010-2014,6,0,1,0
DRUGGE Andreas,2010-2011,37,4,23,1
ERICSSON Pär,2010-2012,39,5,17,1
FALTSETAS Alexander,2010-2011,39,2,20,0
HELGASON Elfar Freyr,2010,1,0,0,0
ISMAIL Lawal,2010-2011,3,0,3,0
JOHANSSON David,2010,1,0,0,0
MBAMBA Chris,2010,1,0,0,0
PAULISTA Jeferson,2010,1,0,0,0
SILVA Bruno,2010,1,0,0,0
VALGARDSSON Hjörtur Logi,2010-2013,71,2,46,0
HAGLUND Philip,2011-2014,100,15,69,8
MOBERG KARLSSON David,2011-2013,47,8,30,2
SALOMONSSON Emil,"2011-2018, 2022-2024",392,41,265,23
BRATT Tobias,2012,1,0,0,0
FARNERUD Pontus,2012-2013,60,9,49,5
GERZIC Nordin,2012-2014,56,5,34,2
LARSSON Sam,2012-2014,81,10,49,6
OHLSSON Sebastian,"2012, 2017-2019, 2023-2024",126,16,89,9
SOBRALENSE Daniel,2012-2014,76,10,43,4
WÆHLER Kjetil,2012-2014,98,6,63,3
ZACKRISSON Hampus,2012-2014,9,0,3,0
AUGUSTINSSON Ludwig,2013-2014,53,3,29,1
BOHM Karl,2013-2015,12,1,1,0
BOJANIC Darijan,2013-2014,21,6,10,2
ENGVALL Gustav,"2013-2016, 2018",113,28,74,17
VIBE Lasse,"2013-2015, 2019",110,57,76,37
CALVO Diego,2014,4,2,3,0
DYRESTAM Patrick,2014-2015,5,0,0,0
GUTIERREZ ARVIDSSON David,2014,1,0,0,0
MAHLANGU May,2014,32,9,24,5
MANÉ Malick,2014,15,1,11,1
NORDSTRÖM Billy,2014-2018,63,2,36,0
RIEKS Søren,2014-2017,136,36,92,21
ZOHORE Kenneth,2014,6,3,5,2
ALBÆK Mads,2015-2017,79,13,48,9
ALEESAMI Haitam,2015-2016,76,3,45,2
ANDERSSON Kevin,2015,1,0,0,0
ANKERSEN Jakob,2015-2016,90,21,57,13
BERGMAN Jakob,2015,1,0,0,0
BOMAN Mikael,2015-2017,115,33,71,18
CRUZ Patrick,2015,1,0,0,0
EDVARDSEN Victor,2015,1,0,0,0
JOHANSSON ZANJANCHI Martin,2015,5,0,0,0
KARLSSON LAGEMYR Patrik,2015-2022,102,16,74,13
KASIM Prosper,2015-2017,12,0,1,0
KINDLUND Oscar,2015-2016,5,0,0,0
LEKSELL Alexander,2015-2016,3,0,1,0
MIKKELSEN Thomas,2015,11,2,9,1
PEARCE Heath,2015,4,0,0,0
PETTERSSON Tom,2015-2016,75,7,44,3
RISKI Riku,2015,12,1,11,1
ROGNE Thomas,2015-2017,94,4,66,1
SABAH Lawson,2015-2020,31,1,13,1
SKÖLD Victor,2015-2016,22,5,8,0
ALBORNOZ Mauricio,2016,7,0,7,0
DAHLBERG Pontus,"2016-2018, 2022-",101,0,67,0
HERMANNSSON Hjörtur,2016,13,1,7,0
JAMIESON Scott,2016-2017,25,0,13,0
ÓMARSSON Elías Már,2016-2018,76,25,50,14
ZIMMERMAN Walker,2016,1,0,0,0
ADEKUGBE Sam,2017,10,0,9,0
BJØRDAL Henrik,2017,17,0,14,0
DA GRACA Kristopher,2017-2020,79,0,51,0
DAHLQVIST Edvin,2017-2019,10,0,1,0
DISKERUD Mix,2017-2018,56,10,41,7
ERLINGMARK August,"2017-2021, 2024-",187,10,131,8
GUNNARSSON Erik,2017-2019,8,0,1,0
RAZAK Abdul,2017,9,0,5,0
SAEBBÖ Måns,"2017, 2019",3,2,1,1
SAKOR Vajebah,2017-2019,41,5,35,5
TITI Adil,2017-2021,32,0,14,0
ZALO Benjamin,2017,2,0,0,0
ÖHMAN Andreas,2017-2018,9,0,1,0
ABRAHAM Sargon,2018-2020,82,10,58,6
AFFANE Amin,2018-2020,59,4,33,1
AMOS Tom,2018-2021,12,0,4,0
CALISIR André,2018-2020,97,2,67,2
DEGERLUND Marcus,2018,5,1,4,0
INGEBRIGTSEN Mikael,2018,12,3,4,0
KHARAISHVILI Giorgi,2018-2021,96,27,70,18
NYGREN Benjamin,2018-2019,28,9,15,6
OLDRUP JENSEN Fredrik,2018,13,0,12,0
OLOFSSON Victor,2018-2019,2,0,0,0
STARFELT Carl,2018-2019,60,1,44,1
WEISBROD Jake,2018-2019,8,0,0,0
WERNERSSON Victor,2018-2020,110,5,77,2
WIKSTRÖM Rasmus,2018-2021,12,2,3,0
YUSUF Alhassan,2018-2021,98,6,66,2
AIESH Hosam,2019-2022,109,12,81,8
ALEXANDERSSON Noah,2019-2022,24,0,12,0
ANESTIS Giannis,2019-2021,116,0,88,0
BARNY Junes,2019,17,0,9,0
BERGLIN Fred,2019,1,0,0,0
HOLM Emil,2019-2020,52,2,37,2
OHLSSON Samuel,2019,2,0,1,0
TOKO Nzuzi,2019-2020,30,0,21,0
VAN ASSEMA Tim,2019-2022,15,0,2,0
VILHELMSSON Oscar,2019-2022,44,7,28,4
DAHLQVIST Isak,2020-2021,13,0,4,0
FARNERUD Alexander,2020,26,5,21,4
JALLOW Alexander,2020-2022,105,3,75,2
KALLEY Yahya,2020-2021,21,0,17,0
KOUAKOU Christian,2020,8,1,7,0
KÅHED Lucas,2020-,44,3,30,1
TOLINSSON Jesper,2020-2021,29,0,16,0
AMBROŽ Filip,2021-2023,22,0,7,0
BENEDIKTSSON Adam Ingi,2021-2024,22,0,9,0
HAMŠÍK Marek,2021,6,1,6,1
JOHANSSON Carl,2021-2023,64,4,45,3
LENNARTSSON Hannes,2021-2022,6,0,0,0
NORLIN Gustaf,2021-2024,154,22,108,16
NYGAARD Alfons,2021-2022,11,1,1,0
SHAMOUN Ishak,2021,1,0,0,0
SIGTHÓRSSON Kolbeinn,2021,21,5,17,4
SÖDERBERG Ole,2021,3,0,0,0
THERN Simon,2021-2023,63,4,41,3
VILAR Bernardo,2021-2022,15,1,6,1
YAKOB Kevin,2021-2022,55,14,38,6
ABDULLAHI Suleiman,2022-,30,1,19,0
AL-AMMARI Amir,2022-2023,20,1,11,0
BÅNGSBO Johan,2022-2024,54,1,38,1
CARLSTRAND Linus,2022-,59,3,36,1
CARNEIL Hussein,2022-,57,3,38,1
ERIKSSON Felix,2022-,15,0,3,0
FINEY Yaqub,2022,2,0,0,0
GHASEM Alai,2022-2024,20,0,8,0
HAHN Warner,2022,31,0,26,0
KUROCHKIN Anton,2022-2023,7,0,0,0
LILLIENBERG Gustav,2022,1,0,0,0
MARKOVIC Eman,2022-,36,5,25,1
PÄRLEHOLT Anton,2022,5,0,0,0
SALAOU Abundance,2022-,36,2,19,0
SALISU Saidu,2022,2,0,1,0
SAMUELSSON Lucas,2022-2023,2,0,0,0
SORGA Erik,2022,15,1,8,1
ADIO OJORA Mustapha,2023,1,0,0,0
BISHESARI Elis,2023-,27,0,16,0
BRODIN Oliwer,2023,1,0,0,0
CARLÉN Adam,2023-,82,4,55,3
HAGEN Elias,2023,26,4,15,1
HAUSNER Sebastian,2023-2024,55,1,37,1
HEED Hampus,2023,2,0,0,0
KHALAF Mohib,2023,1,0,0,0
MATIB Franklin,2023,1,0,0,0
MUCOLLI Arbnor,2023-,37,11,30,8
SANTOS Thomas,2023-,50,6,37,3
SELMANI Astrit,2023,13,1,12,0
SELVÉN Johannes,2023,7,0,0,0
THORDARSON Kolbeinn,2023-,47,5,37,3
THORESON Oliver,2023-,3,0,0,0
TRONDSEN Anders,2023-,51,0,38,0
TYRÉN Vilmer,2023-,7,2,2,0
YALCOUYÉ Malick,2023-2024,20,1,11,1
ABRAHAM Paulos,2024,24,7,22,7
AL-JARAH Mohanad,2024,1,0,0,0
BADEN Nikolai,2024,3,0,3,0
BAGER Jonas,2024-,17,0,12,0
BARLIND Elis,2024-,2,0,0,0
BEQIRI Lion,2024-,7,0,4,0
BORÉN Alfons,2024-,5,0,0,0
BRANTLIND Benjamin,2024-,16,0,1,0
HASANI Jasin,2024,1,0,0,0
JOHANSSON Mattias,2024,7,0,7,0
KARLSTRØM Jacob,2024,14,0,14,0
KOLIQI Melvin,2024-,6,0,1,0
KRISTIANSEN Anders,2024,2,0,1,0
KRUSE David,2024-,16,0,11,0
LUNDQVIST Ramon Pascal,2024-,16,3,13,3
MAGNUSSON Ben,2024-,4,0,0,0
NÅFORS DAHLIN Rasmus,2024-,5,0,0,0
PÉREZ David,2024,1,0,0,0
PETTERSSON Oscar,2024,35,3,23,2
PYNDT Andreas,2024,16,0,10,0
RADAKOVIC Leo,2024-,2,0,0,0
SANDFORD William,2024,1,0,0,0
SKJELLERUP Laurs,2024,26,7,19,4
TOLF Noah,2024-,9,0,2,0
YEBOAH Rockson,2024-,4,0,1,0
CLEMMENSEN Sebastian,2025-,Okänt,0,0,0
HEDMAN Melwin,2025-,1,0,0,0
HEINTZ Tobias,2025-,2,0,0,0
JAGNE Imam,2025-,3,0,0,0
OLOWOPOROKU Ifeoluwa,2025-,1,0,0,0
